FirstName,LastName,Age,Address,PhoneNum,review,employeeId
Aaron,Fabiola,42,Heber Ave 213,781500150,0.0,3000003
Lois,Ross,38,Valaurie Ave 152,781500234,0.0,3000013
Licia,Rollie,59,Ura Ave 370,781500814,0.0,3000014
Lolita,Roth,48,Vale Ave 253,781501276,0.0,3000019
Osmar,Vanya,39,Zelia Ave 401,781501523,0.0,3000026
Boyd,Gore,43,Jin Ave 485,781501731,0.0,3000028
Wood,Delphia,58,Galvin Ave 101,781501916,0.0,3000033
Billye,Githa,45,Jeanette Ave 316,781502425,0.0,3000041
Fillis,Kenneth,31,Nandy Ave 178,781503173,0.0,3000052
Risa,Yuval,58,Bethany Ave 328,781503297,0.0,3000061
Carole,Harry,60,Justine Ave 288,781503685,0.0,3000065
Leane,Rianne,39,Tracee Ave 132,781503980,0.0,3000067
Ulvelaik,Bibi,35,Eileen Ave 305,781504370,0.0,3000076
Viviane,Cher,57,Feidhelm Ave 119,781505045,0.0,3000083
Yeates,Didrika,58,Gerardo Ave 182,781505743,0.0,3000091
Fifi,Kendrick,49,Nancey Ave 89,781505866,0.0,3000096
Pier,Wells,49,Albrecht Ave 60,781506642,0.0,3000106
Lenore,River,59,Ulicia Ave 340,781507194,0.0,3000117
Heloise,Melissa,43,Penny Ave 209,781507750,0.0,3000124
Waltraud,Clarke,38,Filipina Ave 358,781508023,0.0,3000135
Serena,Zethel,37,Carlotta Ave 300,781508854,0.0,3000146
Osgood,Vangie,51,Zehra Ave 181,781509081,0.0,3000149
Clark,Holly,48,Kenn Ave 149,781509551,0.0,3000154
Sheridan,Aabbye,47,Cecily Ave 248,781510254,0.0,3000161
Macbeth,Roxie,36,Valerian Ave 355,781510934,0.0,3000165
Ingram,Nickolas,57,Ramses Ave 141,781511209,0.0,3000174
Sanders,Zeke,42,Calypso Ave 250,781511296,0.0,3000185
Feenat,Katungi,31,Meryl Ave 150,781511338,0.0,3000189
Thatcher,Barbee,58,Delphia Ave 427,781511530,0.0,3000196
Candy,Hannan,33,Joy Ave 186,781511683,0.0,3000207
Darrin,Ilyssa,40,Kipling Ave 293,781512514,0.0,3000210
Calhoun,Halfryta,58,Johnna Ave 272,781512875,0.0,3000212
Tammie,Ali,41,Darla Ave 400,781513349,0.0,3000222
Keshawn,Pontius,42,Tami Ave 135,781513997,0.0,3000228
Vannes,Camilla,32,Emilia Ave 57,781514869,0.0,3000230
Fisher,Keshawn,56,Natasha Ave 337,781515307,0.0,3000233
Janelle,Oldwina,34,Roddy Ave 104,781516178,0.0,3000244
Daniel,Igeal,35,Kiersten Ave 381,781516305,0.0,3000246
Alima,Ford,57,Illias Ave 100,781517205,0.0,3000249
Justus,Parrish,58,Sherilyn Ave 46,781517717,0.0,3000250
Uaid,Bernadine,49,Eartha Ave 140,781517775,0.0,3000252
Nathanuel,Tangela,31,Whitnee Ave 429,781518609,0.0,3000258
Noreen,Tori,44,Yeats Ave 466,781518825,0.0,3000264
Vidal,Cecily,31,Fabian Ave 493,781518883,0.0,3000275
Wade,Chuck,52,Ferne Ave 458,781519264,0.0,3000286
Quiana,Willette,45,Amabelle Ave 413,781519378,0.0,3000295
Pandora,Vicki,53,Zophar Ave 79,781520212,0.0,3000302
Pleasant,Wentworth,34,Aletha Ave 362,781520907,0.0,3000305
Alize,Foster,33,Immacolata Ave 141,781521762,0.0,3000310
Halley,Marie,47,Oxford Ave 443,781522386,0.0,3000316
